{
  "token_acc":1.0,
  "token_p":1.0,
  "token_r":1.0,
  "token_f":1.0,
  "cats_score":0.8936507937,
  "cats_score_desc":"macro F",
  "cats_micro_p":0.9310344828,
  "cats_micro_r":0.8709677419,
  "cats_micro_f":0.9,
  "cats_macro_p":0.94375,
  "cats_macro_r":0.8708333333,
  "cats_macro_f":0.8936507937,
  "cats_macro_auc":0.9894485144,
  "cats_f_per_type":{
    "greetings":{
      "p":1.0,
      "r":1.0,
      "f":1.0
    },
    "goodbye":{
      "p":1.0,
      "r":0.8,
      "f":0.8888888889
    },
    "age":{
      "p":1.0,
      "r":1.0,
      "f":1.0
    },
    "name":{
      "p":1.0,
      "r":0.75,
      "f":0.8571428571
    },
    "shop":{
      "p":1.0,
      "r":0.75,
      "f":0.8571428571
    },
    "hours":{
      "p":1.0,
      "r":0.6666666667,
      "f":0.8
    },
    "crop":{
      "p":0.75,
      "r":1.0,
      "f":0.8571428571
    },
    "stocks":{
      "p":0.8,
      "r":1.0,
      "f":0.8888888889
    }
  },
  "cats_auc_per_type":{
    "greetings":1.0,
    "goodbye":0.9923076923,
    "age":1.0,
    "name":0.9722222222,
    "shop":0.962962963,
    "hours":0.9880952381,
    "crop":1.0,
    "stocks":1.0
  },
  "speed":12675.0548737126
}